{ "species_occurrences_mean": 1921.969571230982, "species_occurrences_std": 64710.8409430148, "species_max_score": 80, "species_min_score": 20 }
