{"general_occurrences_mean": 12763.802258162954, "general_occurrences_std": 90768.97425503356, "general_max_score": 104, "general_min_score": 3}